workload,variant,build,context,round,sample,operations,total_ms,queue_ms,dispatch_ms,peak_rss_bytes,baseline_rss_bytes
callbacks,before,gil,empty,1,1,1000000,181.617673000801,99.67791099916212,81.93976200163888,115707904,25997312
callbacks,before,gil,empty,1,2,1000000,178.24085599932005,96.88482399906206,81.35603200025798,116101120,26390528
callbacks,before,gil,empty,1,3,1000000,194.0669630002958,106.25610900024185,87.81085400005395,116101120,26324992
callbacks,before,gil,empty,1,4,1000000,184.23529000028793,99.21679100079928,85.01849899948866,116097024,26386432
callbacks,before,gil,empty,1,5,1000000,191.22695199985174,96.37557399946672,94.85137800038501,116092928,26300416
callbacks,before,gil,empty,1,6,1000000,203.7536009993346,103.85387399946922,99.89972699986538,116232192,26521600
callbacks,before,gil,empty,1,7,1000000,208.54753899948264,102.33098899880133,106.21655000068131,116187136,26394624
callbacks,before,gil,empty,2,1,1000000,180.43344100078684,98.89531100088789,81.53812999989896,116125696,26296320
callbacks,before,gil,empty,2,2,1000000,196.41670900091412,97.50337100012985,98.91333800078428,116228096,26517504
callbacks,before,gil,empty,2,3,1000000,185.67244999940158,99.60582900021109,86.06662099919049,116199424,26472448
callbacks,before,gil,empty,2,4,1000000,179.3687929985026,95.97280599882652,83.3959869996761,116203520,26411008
callbacks,before,gil,empty,2,5,1000000,184.5932449996326,96.10421999968821,88.48902499994438,116125696,26415104
callbacks,before,gil,empty,2,6,1000000,231.47916500056454,139.05456199972832,92.42460300083621,116101120,26390528
callbacks,before,gil,empty,2,7,1000000,192.02041100106726,102.97786600131076,89.0425449997565,116199424,26312704
callbacks,after,gil,empty,1,1,1000000,209.40791000066383,116.45452400080103,92.9533859998628,107753472,26079232
callbacks,after,gil,empty,1,2,1000000,184.09168799917097,99.41855299985036,84.67313499932061,108154880,26402816
callbacks,after,gil,empty,1,3,1000000,195.2968490004423,109.98729099992488,85.30955800051743,108216320,26464256
callbacks,after,gil,empty,1,4,1000000,203.77863199973945,106.85866099993291,96.91997099980654,108294144,26537984
callbacks,after,gil,empty,1,5,1000000,201.8509699992137,111.20485900028143,90.64611099893227,108294144,26537984
callbacks,after,gil,empty,1,6,1000000,195.0597100003506,105.69759499958309,89.36211500076752,108089344,26333184
callbacks,after,gil,empty,1,7,1000000,182.41882199981774,98.92997200040554,83.4888499994122,108138496,26349568
callbacks,after,gil,empty,2,1,1000000,184.75441800001136,100.0478869991639,84.70653100084746,108007424,26337280
callbacks,after,gil,empty,2,2,1000000,191.06431100044574,103.90440600167494,87.1599049987708,108089344,26333184
callbacks,after,gil,empty,2,3,1000000,201.98125100068864,117.45328300094116,84.52796799974749,108158976,26300416
callbacks,after,gil,empty,2,4,1000000,185.62571999973443,101.67912899851217,83.94659100122226,108048384,26316800
callbacks,after,gil,empty,2,5,1000000,236.00132700084941,146.90223700017668,89.09909000067273,108007424,26333184
callbacks,after,gil,empty,2,6,1000000,223.51057500054594,142.27707899954112,81.23349600100482,108077056,26406912
callbacks,after,gil,empty,2,7,1000000,178.4539180007414,96.95348900095269,81.50042899978871,108142592,26402816
callbacks,before,gil,nonempty,1,1,1000000,205.79160899978888,117.83332300001348,87.9582859997754,180264960,26329088
callbacks,before,gil,nonempty,1,2,1000000,225.06435299874283,129.65716999860888,95.40718300013395,180387840,26447872
callbacks,before,gil,nonempty,1,3,1000000,219.86817499964673,122.66814500071632,97.2000299989304,180416512,26316800
callbacks,before,gil,nonempty,1,4,1000000,231.98514799878467,135.40717499927268,96.57797299951199,180482048,26435584
callbacks,before,gil,nonempty,1,5,1000000,205.97057299892185,116.39662699963083,89.57394599929103,180396032,26312704
callbacks,before,gil,nonempty,1,6,1000000,204.70498800023051,116.14209099934669,88.56289700088382,180330496,26324992
callbacks,before,gil,nonempty,1,7,1000000,209.58131199950003,122.25207200026489,87.32923999923514,180330496,26390528
callbacks,before,gil,nonempty,2,1,1000000,215.37405799972476,122.80013500094356,92.5739229987812,180457472,26480640
callbacks,before,gil,nonempty,2,2,1000000,242.74008499924093,130.65640700006043,112.08367799918051,180301824,26296320
callbacks,before,gil,nonempty,2,3,1000000,218.17224100050225,131.5875310010597,86.58470999944257,180305920,26320896
callbacks,before,gil,nonempty,2,4,1000000,202.7622080004221,117.47479800033034,85.28741000009177,180330496,26263552
callbacks,before,gil,nonempty,2,5,1000000,228.52483699898585,126.47574899892788,102.04908800005796,180387840,26300416
callbacks,before,gil,nonempty,2,6,1000000,260.4215680003108,128.13590500081773,132.28566299949307,180334592,26394624
callbacks,before,gil,nonempty,2,7,1000000,207.83064500028559,113.11657800069952,94.71406699958607,180334592,26357760
callbacks,after,gil,nonempty,1,1,1000000,202.2945169992454,117.37038100000063,84.92413599924475,172388352,26337280
callbacks,after,gil,nonempty,1,2,1000000,201.87231599993538,116.59500899986597,85.27730700006941,172523520,26537984
callbacks,after,gil,nonempty,1,3,1000000,203.25792699986778,119.13979699966148,84.11813000020629,172437504,26386432
callbacks,after,gil,nonempty,1,4,1000000,200.57895999889297,114.47556599887321,86.10339400001976,172163072,26271744
callbacks,after,gil,nonempty,1,5,1000000,197.23504499961564,114.82880699986708,82.40623799974856,172453888,26468352
callbacks,after,gil,nonempty,1,6,1000000,196.3996849990508,113.0588309988525,83.3408540001983,172388352,26349568
callbacks,after,gil,nonempty,1,7,1000000,204.25304699892877,115.97718899975007,88.2758579991787,172322816,26337280
callbacks,after,gil,nonempty,2,1,1000000,202.97100400057388,117.57745500108285,85.39354899949103,172507136,26521600
callbacks,after,gil,nonempty,2,2,1000000,204.237830999773,117.85681699984707,86.38101399992593,172449792,26398720
callbacks,after,gil,nonempty,2,3,1000000,202.65285700043023,117.06343299920263,85.5894240012276,172343296,26320896
callbacks,after,gil,nonempty,2,4,1000000,204.56776799983345,119.5204029991146,85.04736500071886,171974656,26071040
callbacks,after,gil,nonempty,2,5,1000000,200.36362299833854,115.66067499916244,84.7029479991761,172318720,26333184
callbacks,after,gil,nonempty,2,6,1000000,232.82473200015374,130.27870200130565,102.5460299988481,172306432,26304512
callbacks,after,gil,nonempty,2,7,1000000,209.0391660003661,124.46283400095126,84.57633199941483,172388352,26468352
tasks,before,gil,ambient,2,1,200000,328.1005670014565,,,35975168,27160576
tasks,before,gil,ambient,2,2,200000,329.84940399910556,,,36339712,27320320
tasks,before,gil,ambient,2,3,200000,354.19613500016567,,,36311040,27156480
tasks,before,gil,ambient,2,4,200000,337.95764799833705,,,36143104,27283456
tasks,before,gil,ambient,2,5,200000,363.6629510001512,,,36122624,27373568
tasks,before,gil,ambient,2,6,200000,329.6032140005991,,,35975168,27160576
tasks,before,gil,ambient,2,7,200000,326.6630719990644,,,36134912,27385856
tasks,before,gil,ambient,1,1,200000,349.07079100048577,,,35880960,27328512
tasks,before,gil,ambient,1,2,200000,325.3350689992658,,,35815424,27279360
tasks,before,gil,ambient,1,3,200000,367.25150299935194,,,36376576,27340800
tasks,before,gil,ambient,1,4,200000,340.1637970000593,,,35905536,27344896
tasks,before,gil,ambient,1,5,200000,365.2975340010016,,,36352000,27168768
tasks,before,gil,ambient,1,6,200000,344.3666189996293,,,36278272,27090944
tasks,before,gil,ambient,1,7,200000,345.01468499911425,,,35872768,27242496
tasks,after,gil,ambient,2,1,200000,325.98747900010494,,,36028416,27217920
tasks,after,gil,ambient,2,2,200000,320.5674740001996,,,36388864,27447296
tasks,after,gil,ambient,2,3,200000,332.88061100029154,,,36245504,26923008
tasks,after,gil,ambient,2,4,200000,326.40172300125414,,,36245504,27189248
tasks,after,gil,ambient,2,5,200000,333.74645699950634,,,36347904,27160576
tasks,after,gil,ambient,2,6,200000,314.00730699897395,,,35930112,27381760
tasks,after,gil,ambient,2,7,200000,322.56114300071204,,,36237312,26918912
tasks,after,gil,ambient,1,1,200000,356.2345810005354,,,36376576,27185152
tasks,after,gil,ambient,1,2,200000,328.9193010004965,,,36290560,27136000
tasks,after,gil,ambient,1,3,200000,336.5438010005164,,,36360192,27324416
tasks,after,gil,ambient,1,4,200000,332.4490020004305,,,36278272,27189248
tasks,after,gil,ambient,1,5,200000,327.49706499998865,,,35876864,27279360
tasks,after,gil,ambient,1,6,200000,327.06002200029616,,,36315136,27377664
tasks,after,gil,ambient,1,7,200000,365.2196010007174,,,36343808,27250688
tcp_streams,before,gil,ambient,2,1,20000,159.34938700047496,,,29741056,27316224
tcp_streams,before,gil,ambient,2,2,20000,186.3470589996723,,,29753344,27312128
tcp_streams,before,gil,ambient,2,3,20000,164.95435800061387,,,29720576,27123712
tcp_streams,before,gil,ambient,2,4,20000,164.98558499915816,,,29614080,26861568
tcp_streams,before,gil,ambient,2,5,20000,164.29770099966845,,,29745152,27336704
tcp_streams,before,gil,ambient,2,6,20000,161.60261799996078,,,29704192,27279360
tcp_streams,before,gil,ambient,2,7,20000,162.53611399952206,,,29761536,27332608
tcp_streams,before,gil,ambient,1,1,20000,162.71805399992445,,,29741056,27185152
tcp_streams,before,gil,ambient,1,2,20000,166.71195900016755,,,29724672,27168768
tcp_streams,before,gil,ambient,1,3,20000,160.7468999991397,,,29724672,27168768
tcp_streams,before,gil,ambient,1,4,20000,162.72964100062381,,,29806592,27250688
tcp_streams,before,gil,ambient,1,5,20000,165.18053600157145,,,29814784,27389952
tcp_streams,before,gil,ambient,1,6,20000,159.604460999617,,,29802496,27246592
tcp_streams,before,gil,ambient,1,7,20000,168.16370299966366,,,29769728,27303936
tcp_streams,after,gil,ambient,2,1,20000,162.75302699978056,,,29745152,27189248
tcp_streams,after,gil,ambient,2,2,20000,163.1037839997589,,,29712384,27156480
tcp_streams,after,gil,ambient,2,3,20000,157.84679599892115,,,29745152,27160576
tcp_streams,after,gil,ambient,2,4,20000,158.0760039996676,,,29794304,27238400
tcp_streams,after,gil,ambient,2,5,20000,158.9009500003158,,,29736960,27176960
tcp_streams,after,gil,ambient,2,6,20000,196.0313750005298,,,29810688,27369472
tcp_streams,after,gil,ambient,2,7,20000,168.22021400002996,,,29741056,27181056
tcp_streams,after,gil,ambient,1,1,20000,162.2425090008619,,,29802496,27246592
tcp_streams,after,gil,ambient,1,2,20000,159.28311800053052,,,29609984,26923008
tcp_streams,after,gil,ambient,1,3,20000,162.76753200145322,,,29876224,27308032
tcp_streams,after,gil,ambient,1,4,20000,161.64899399882415,,,29741056,27185152
tcp_streams,after,gil,ambient,1,5,20000,161.67896799925074,,,29745152,27189248
tcp_streams,after,gil,ambient,1,6,20000,159.49456199996348,,,29700096,27144192
tcp_streams,after,gil,ambient,1,7,20000,156.81020800002443,,,29757440,27201536
tcp_connect_churn,before,gil,ambient,1,1,1000,116.7460039996513,,,47398912,
tcp_connect_churn,before,gil,ambient,1,2,1000,114.21010599951842,,,47431680,
tcp_connect_churn,before,gil,ambient,1,3,1000,115.45112400017388,,,47419392,
tcp_connect_churn,before,gil,ambient,1,4,1000,119.1050899997208,,,47476736,
tcp_connect_churn,before,gil,ambient,1,5,1000,115.7154749998881,,,47587328,
tcp_connect_churn,before,gil,ambient,1,6,1000,114.63247800020326,,,47435776,
tcp_connect_churn,before,gil,ambient,1,7,1000,116.84217500078375,,,47505408,
tcp_connect_churn,before,gil,ambient,2,1,1000,129.66566099930787,,,47427584,
tcp_connect_churn,before,gil,ambient,2,2,1000,130.93701999969198,,,47501312,
tcp_connect_churn,before,gil,ambient,2,3,1000,114.33984400173358,,,47423488,
tcp_connect_churn,before,gil,ambient,2,4,1000,133.53511700006493,,,47460352,
tcp_connect_churn,before,gil,ambient,2,5,1000,121.45258199961972,,,47517696,
tcp_connect_churn,before,gil,ambient,2,6,1000,115.36718900060805,,,47374336,
tcp_connect_churn,before,gil,ambient,2,7,1000,114.00102500010689,,,47329280,
tcp_connect_churn,after,gil,ambient,1,1,1000,116.70508300085203,,,47517696,
tcp_connect_churn,after,gil,ambient,1,2,1000,114.48751499847276,,,47460352,
tcp_connect_churn,after,gil,ambient,1,3,1000,115.72756299938192,,,47394816,
tcp_connect_churn,after,gil,ambient,1,4,1000,124.05579599908378,,,47427584,
tcp_connect_churn,after,gil,ambient,1,5,1000,117.71896699974604,,,47419392,
tcp_connect_churn,after,gil,ambient,1,6,1000,117.27379100011603,,,47525888,
tcp_connect_churn,after,gil,ambient,1,7,1000,116.18460600038816,,,47460352,
tcp_connect_churn,after,gil,ambient,2,1,1000,118.40868399849569,,,47460352,
tcp_connect_churn,after,gil,ambient,2,2,1000,121.19845500092197,,,47468544,
tcp_connect_churn,after,gil,ambient,2,3,1000,116.24433299948578,,,47525888,
tcp_connect_churn,after,gil,ambient,2,4,1000,114.46755300130462,,,47513600,
tcp_connect_churn,after,gil,ambient,2,5,1000,131.18613799997547,,,47525888,
tcp_connect_churn,after,gil,ambient,2,6,1000,116.02976600079273,,,47456256,
tcp_connect_churn,after,gil,ambient,2,7,1000,120.47392899876286,,,47460352,
callbacks,before,ft,empty,1,1,1000000,205.9671110000636,105.7907520007575,100.1763589993061,138428416,33693696
callbacks,before,ft,empty,1,2,1000000,220.67758699995466,109.78177300057723,110.89581399937742,138403840,33656832
callbacks,before,ft,empty,1,3,1000000,212.764257001254,109.21088200120721,103.5533750000468,138403840,33652736
callbacks,before,ft,empty,1,4,1000000,218.8518370003294,113.67616200004704,105.17567500028235,138280960,33644544
callbacks,before,ft,empty,1,5,1000000,216.08384899991506,111.60915599975851,104.47469300015655,138158080,33427456
callbacks,before,ft,empty,1,6,1000000,242.1939409996412,114.02042800000345,128.17351299963775,138387456,33710080
callbacks,before,ft,empty,1,7,1000000,238.51017800006957,134.32147699859343,104.18870100147615,138424320,33742848
callbacks,before,ft,empty,2,1,1000000,220.3549909991125,114.47069299902068,105.8842980000918,138412032,33660928
callbacks,before,ft,empty,2,2,1000000,228.38848200080974,124.9728810016677,103.41560099914204,138391552,33710080
callbacks,before,ft,empty,2,3,1000000,211.46574900012638,110.3421250008978,101.12362399922858,138399744,33652736
callbacks,before,ft,empty,2,4,1000000,213.2337439998082,106.2615739992907,106.97217000051751,138399744,33644544
callbacks,before,ft,empty,2,5,1000000,214.30090500143706,113.94452200147498,100.35638299996208,138481664,33837056
callbacks,before,ft,empty,2,6,1000000,211.13175699974818,106.97311200055992,104.15864499918825,138387456,33705984
callbacks,before,ft,empty,2,7,1000000,219.14497800025856,113.3058159994107,105.83916200084786,138407936,33615872
callbacks,after,ft,empty,1,1,1000000,210.4528809995827,107.83373199956259,102.61914900002012,130387968,33710080
callbacks,after,ft,empty,1,2,1000000,208.06509200156142,104.76983800072048,103.29525400084094,130543616,33890304
callbacks,after,ft,empty,1,3,1000000,206.21797100102413,106.13724200084107,100.08072900018306,130572288,33800192
callbacks,after,ft,empty,1,4,1000000,204.03984100084926,103.12764800073637,100.9121930001129,130359296,33689600
callbacks,after,ft,empty,1,5,1000000,253.42759900013334,126.21381499957351,127.21378400055983,130560000,33751040
callbacks,after,ft,empty,1,6,1000000,211.64842199868872,109.43790599958447,102.21051599910425,130293760,33726464
callbacks,after,ft,empty,1,7,1000000,237.90944800020952,136.1034670007939,101.80598099941562,130465792,33853440
callbacks,after,ft,empty,2,1,1000000,241.2782760002301,107.3508480003511,133.927427999879,130387968,33705984
callbacks,after,ft,empty,2,2,1000000,224.94966500016744,113.99258399978862,110.95708100037882,130097152,33349632
callbacks,after,ft,empty,2,3,1000000,217.51206099906994,113.47253199892293,104.03952900014701,130347008,33648640
callbacks,after,ft,empty,2,4,1000000,212.1924789989862,107.73100799997337,104.46147099901282,130396160,33718272
callbacks,after,ft,empty,2,5,1000000,222.1786730005988,114.83078899982502,107.34788400077377,130473984,33878016
callbacks,after,ft,empty,2,6,1000000,206.6735990010784,103.2084449998365,103.4651540012419,130293760,33714176
callbacks,after,ft,empty,2,7,1000000,277.83057800115785,170.20267200132366,107.62790599983418,130678784,33820672
callbacks,before,ft,nonempty,1,1,1000000,242.0371909993264,133.0207649989461,109.0164260003803,202567680,33615872
callbacks,before,ft,nonempty,1,2,1000000,228.8583669997024,129.07519200052775,99.78317499917466,202706944,33861632
callbacks,before,ft,nonempty,1,3,1000000,228.5326030014403,129.2923390010401,99.2402640004002,202706944,33804288
callbacks,before,ft,nonempty,1,4,1000000,225.21230700112937,126.56736500139232,98.64494199973706,202612736,33718272
callbacks,before,ft,nonempty,1,5,1000000,230.68818999854557,128.71962699864525,101.96856299990031,202665984,33787904
callbacks,before,ft,nonempty,1,6,1000000,234.73744100010663,134.8001549995388,99.93728600056784,202575872,33677312
callbacks,before,ft,nonempty,1,7,1000000,227.2552350004844,128.51643599969975,98.73879900078464,202682368,33681408
callbacks,before,ft,nonempty,2,1,1000000,224.21351000048162,127.08930000007967,97.12421000040194,202620928,33734656
callbacks,before,ft,nonempty,2,2,1000000,227.47562600125093,129.50082300085342,97.97480300039751,202559488,33738752
callbacks,before,ft,nonempty,2,3,1000000,221.67086400077096,124.63396299972374,97.03690100104723,202625024,33845248
callbacks,before,ft,nonempty,2,4,1000000,248.82660000002943,137.87738499922852,110.9492150008009,202625024,33738752
callbacks,before,ft,nonempty,2,5,1000000,244.67140199885762,145.33531300003233,99.33608899882529,202711040,33824768
callbacks,before,ft,nonempty,2,6,1000000,227.32236000047124,128.7529759993049,98.56938400116633,202678272,33787904
callbacks,before,ft,nonempty,2,7,1000000,231.5258240014373,133.00702900050965,98.51879500092764,202616832,33730560
callbacks,after,ft,nonempty,1,1,1000000,224.41267900103412,124.09251100143592,100.3201679995982,194707456,33882112
callbacks,after,ft,nonempty,1,2,1000000,228.07765699872107,126.80415499926312,101.27350199945795,194912256,34095104
callbacks,after,ft,nonempty,1,3,1000000,232.80014200099686,133.56186800046999,99.23827400052687,194830336,34082816
callbacks,after,ft,nonempty,1,4,1000000,221.5501230002701,122.17984400012938,99.37027900014073,194691072,33882112
callbacks,after,ft,nonempty,1,5,1000000,232.07639199972618,128.65629800035094,103.42009399937524,194686976,33939456
callbacks,after,ft,nonempty,1,6,1000000,227.09783400023298,126.06634900112113,101.03148499911185,194453504,33579008
callbacks,after,ft,nonempty,1,7,1000000,249.87999800032412,132.69064400083153,117.1893539994926,194695168,33951744
callbacks,after,ft,nonempty,2,1,1000000,221.17002699997101,123.10596499992243,98.06406200004858,194781184,33959936
callbacks,after,ft,nonempty,2,2,1000000,231.01709399998072,122.7751080004964,108.24198599948431,194781184,33955840
callbacks,after,ft,nonempty,2,3,1000000,219.00491199994576,122.40210299933096,96.6028090006148,194564096,33742848
callbacks,after,ft,nonempty,2,4,1000000,218.3629409992136,120.80362300002889,97.55931799918471,194781184,33951744
callbacks,after,ft,nonempty,2,5,1000000,222.04722999958904,125.49144999866257,96.55578000092646,194768896,33955840
callbacks,after,ft,nonempty,2,6,1000000,222.39499100032845,123.16119599927333,99.23379500105511,194519040,33624064
callbacks,after,ft,nonempty,2,7,1000000,228.419066999777,127.16363300023659,101.2554339995404,194695168,33890304
tasks,before,ft,ambient,2,1,200000,412.3686849998194,,,43847680,33308672
tasks,before,ft,ambient,2,2,200000,437.8922870000679,,,43855872,33054720
tasks,before,ft,ambient,2,3,200000,405.8091349997994,,,44064768,33492992
tasks,before,ft,ambient,2,4,200000,384.51545699899725,,,44023808,33320960
tasks,before,ft,ambient,2,5,200000,387.60044400078186,,,43933696,33316864
tasks,before,ft,ambient,2,6,200000,372.52719400021306,,,43827200,33353728
tasks,before,ft,ambient,2,7,200000,384.577127000739,,,44195840,33492992
tasks,before,ft,ambient,1,1,200000,405.9035699992819,,,43724800,33058816
tasks,before,ft,ambient,1,2,200000,413.4299099987402,,,44163072,33525760
tasks,before,ft,ambient,1,3,200000,375.2428970001347,,,44175360,33468416
tasks,before,ft,ambient,1,4,200000,381.6149009999208,,,44179456,33509376
tasks,before,ft,ambient,1,5,200000,372.1862839993264,,,43974656,33329152
tasks,before,ft,ambient,1,6,200000,381.8844630004605,,,43855872,33054720
tasks,before,ft,ambient,1,7,200000,381.8942070010962,,,44138496,33513472
tasks,after,ft,ambient,2,1,200000,418.0104049992224,,,44216320,33488896
tasks,after,ft,ambient,2,2,200000,433.0539940001472,,,44109824,33513472
tasks,after,ft,ambient,2,3,200000,390.51338500030397,,,44109824,33509376
tasks,after,ft,ambient,2,4,200000,390.6142030009505,,,43806720,33296384
tasks,after,ft,ambient,2,5,200000,405.1186090000556,,,43941888,33247232
tasks,after,ft,ambient,2,6,200000,403.946710001037,,,43929600,33292288
tasks,after,ft,ambient,2,7,200000,423.7796969991905,,,43749376,33316864
tasks,after,ft,ambient,1,1,200000,370.94317199989746,,,43945984,33001472
tasks,after,ft,ambient,1,2,200000,385.9176749992912,,,43802624,33312768
tasks,after,ft,ambient,1,3,200000,380.6373610004812,,,43880448,33251328
tasks,after,ft,ambient,1,4,200000,465.39449699957913,,,43806720,33325056
tasks,after,ft,ambient,1,5,200000,388.93138999992516,,,43847680,33349632
tasks,after,ft,ambient,1,6,200000,375.7350279993261,,,44355584,33509376
tasks,after,ft,ambient,1,7,200000,413.76525499981653,,,44109824,33521664
tcp_streams,before,ft,ambient,2,1,20000,161.37485900071624,,,36921344,33300480
tcp_streams,before,ft,ambient,2,2,20000,163.7668149996898,,,36921344,33284096
tcp_streams,before,ft,ambient,2,3,20000,170.16285300087475,,,36872192,33308672
tcp_streams,before,ft,ambient,2,4,20000,162.73831999933464,,,37068800,33505280
tcp_streams,before,ft,ambient,2,5,20000,157.7941319992533,,,37007360,33513472
tcp_streams,before,ft,ambient,2,6,20000,161.53321199999482,,,36925440,33361920
tcp_streams,before,ft,ambient,2,7,20000,159.35035499933292,,,37126144,33460224
tcp_streams,before,ft,ambient,1,1,20000,160.37458000027982,,,37134336,33501184
tcp_streams,before,ft,ambient,1,2,20000,161.31664699969406,,,36790272,33243136
tcp_streams,before,ft,ambient,1,3,20000,157.6707959993655,,,37134336,33509376
tcp_streams,before,ft,ambient,1,4,20000,157.7096929995605,,,36925440,33288192
tcp_streams,before,ft,ambient,1,5,20000,159.46411699951568,,,37052416,33505280
tcp_streams,before,ft,ambient,1,6,20000,165.10261599978548,,,37019648,33443840
tcp_streams,before,ft,ambient,1,7,20000,157.0530860008148,,,36904960,33341440
tcp_streams,after,ft,ambient,2,1,20000,156.52962000058324,,,37138432,33505280
tcp_streams,after,ft,ambient,2,2,20000,159.12708999894676,,,36876288,33280000
tcp_streams,after,ft,ambient,2,3,20000,159.53799499948218,,,37072896,33492992
tcp_streams,after,ft,ambient,2,4,20000,159.79907100154378,,,36884480,33320960
tcp_streams,after,ft,ambient,2,5,20000,161.64749600102368,,,36917248,33316864
tcp_streams,after,ft,ambient,2,6,20000,155.00111600158561,,,36929536,33251328
tcp_streams,after,ft,ambient,2,7,20000,158.5933930000465,,,37064704,33431552
tcp_streams,after,ft,ambient,1,1,20000,160.86394999911136,,,37138432,33509376
tcp_streams,after,ft,ambient,1,2,20000,166.98768100104644,,,37072896,33468416
tcp_streams,after,ft,ambient,1,3,20000,163.29847499946482,,,36904960,33349632
tcp_streams,after,ft,ambient,1,4,20000,166.7001869991509,,,36810752,32993280
tcp_streams,after,ft,ambient,1,5,20000,165.5644949987618,,,36925440,33300480
tcp_streams,after,ft,ambient,1,6,20000,169.33317599978182,,,37072896,33517568
tcp_streams,after,ft,ambient,1,7,20000,170.8454340005119,,,37072896,33517568
tcp_connect_churn,before,ft,ambient,1,1,1000,138.65778499894077,,,57626624,
tcp_connect_churn,before,ft,ambient,1,2,1000,141.88802600074268,,,57774080,
tcp_connect_churn,before,ft,ambient,1,3,1000,141.14841599985084,,,57917440,
tcp_connect_churn,before,ft,ambient,1,4,1000,143.93106600073224,,,57974784,
tcp_connect_churn,before,ft,ambient,1,5,1000,147.4260469985893,,,57917440,
tcp_connect_churn,before,ft,ambient,1,6,1000,139.40376499886042,,,57974784,
tcp_connect_churn,before,ft,ambient,1,7,1000,143.09105900065333,,,57655296,
tcp_connect_churn,before,ft,ambient,2,1,1000,143.37264099958702,,,57917440,
tcp_connect_churn,before,ft,ambient,2,2,1000,140.17069000146876,,,57626624,
tcp_connect_churn,before,ft,ambient,2,3,1000,140.72575899990625,,,57970688,
tcp_connect_churn,before,ft,ambient,2,4,1000,149.15314800055057,,,57851904,
tcp_connect_churn,before,ft,ambient,2,5,1000,180.0708240007225,,,57843712,
tcp_connect_churn,before,ft,ambient,2,6,1000,144.9686500000098,,,57786368,
tcp_connect_churn,before,ft,ambient,2,7,1000,145.90678199965623,,,57634816,
tcp_connect_churn,after,ft,ambient,1,1,1000,139.17186300022877,,,57520128,
tcp_connect_churn,after,ft,ambient,1,2,1000,137.93375799832575,,,57655296,
tcp_connect_churn,after,ft,ambient,1,3,1000,135.74380099998962,,,57659392,
tcp_connect_churn,after,ft,ambient,1,4,1000,138.1539129997691,,,57671680,
tcp_connect_churn,after,ft,ambient,1,5,1000,134.28919699981634,,,57466880,
tcp_connect_churn,after,ft,ambient,1,6,1000,136.45084299969312,,,57397248,
tcp_connect_churn,after,ft,ambient,1,7,1000,135.15985000049113,,,57643008,
tcp_connect_churn,after,ft,ambient,2,1,1000,142.39274700048554,,,57495552,
tcp_connect_churn,after,ft,ambient,2,2,1000,142.31262800058175,,,57397248,
tcp_connect_churn,after,ft,ambient,2,3,1000,141.51101599964022,,,57724928,
tcp_connect_churn,after,ft,ambient,2,4,1000,138.1870749992231,,,57528320,
tcp_connect_churn,after,ft,ambient,2,5,1000,156.63891599979252,,,57462784,
tcp_connect_churn,after,ft,ambient,2,6,1000,147.99938299984206,,,57659392,
tcp_connect_churn,after,ft,ambient,2,7,1000,154.25260700067156,,,57520128,
